{
  "products": [
    {
      "id": 1,
      "title": "Hiking Boots — TrailGrip Pro",
      "category": "Footwear",
      "brand": "TrailGrip",
      "price": 189,
      "rating": 4.7,
      "stock": 18,
      "thumbnail": "https://images.unsplash.com/photo-1528701800489-20be3c77b2c1?auto=format&fit=crop&w=900&q=60",
      "description": "წყალგამძლე, ანტისრიალა ძირით და კომფორტული ტერფის მხარდაჭერით. იდეალურია რთული ბილიკებისთვის."
    },
    {
      "id": 2,
      "title": "Ultralight Tent — Summit 2P",
      "category": "Tents",
      "brand": "SummitGear",
      "price": 249,
      "rating": 4.6,
      "stock": 12,
      "thumbnail": "https://images.unsplash.com/photo-1504280390367-361c6d9f38f4?auto=format&fit=crop&w=900&q=60",
      "description": "2 კაციანი მსუბუქი კარავი, სწრაფი აწყობა, ქარისგან დაცვა და კარგი ვენტილაცია."
    },
    {
      "id": 3,
      "title": "Trekking Poles — Carbon Duo",
      "category": "Trekking Poles",
      "brand": "CarbonWalk",
      "price": 79,
      "rating": 4.5,
      "stock": 40,
      "thumbnail": "https://images.unsplash.com/photo-1533240332313-0db49b459ad6?auto=format&fit=crop&w=900&q=60",
      "description": "კარბონის მსუბუქი ჯოხები სიმაღლის რეგულირებით და კომფორტული გრიფით."
    },
    {
      "id": 4,
      "title": "Backpack — RidgePack 45L",
      "category": "Backpacks",
      "brand": "RidgePack",
      "price": 139,
      "rating": 4.6,
      "stock": 22,
      "thumbnail": "https://images.unsplash.com/photo-1526481280695-3c687fd5432c?auto=format&fit=crop&w=900&q=60",
      "description": "45 ლიტრიანი ზურგჩანთა — წონის სწორი გადანაწილება, წელის ქამარი და წყალგამძლე საფარი."
    },
    {
      "id": 5,
      "title": "Sleeping Bag — -5°C WarmDown",
      "category": "Sleeping Bags",
      "brand": "WarmDown",
      "price": 129,
      "rating": 4.4,
      "stock": 16,
      "thumbnail": "https://images.unsplash.com/photo-1529692236671-f1f6cf9683ba?auto=format&fit=crop&w=900&q=60",
      "description": "თბილი საძილე ტომარა -5°C-მდე. კომპაქტურად იკეცება და მარტივად სატარებელია."
    },
    {
      "id": 6,
      "title": "Headlamp — NightBeam 400",
      "category": "Lighting",
      "brand": "NightBeam",
      "price": 29,
      "rating": 4.3,
      "stock": 55,
      "thumbnail": "https://images.unsplash.com/photo-1547219469-75c0e3a2f2a6?auto=format&fit=crop&w=900&q=60",
      "description": "400 ლუმენის ფარანი 3 რეჟიმით (High/Low/Strobe), რეგულირებადი სამაგრით."
    },
    {
      "id": 7,
      "title": "Camping Stove — PocketFlame",
      "category": "Cooking",
      "brand": "PocketFlame",
      "price": 39,
      "rating": 4.4,
      "stock": 34,
      "thumbnail": "https://images.unsplash.com/photo-1505330622279-bf7d7fc918f4?auto=format&fit=crop&w=900&q=60",
      "description": "კომპაქტური გაზის ქურა — სწრაფი დუღილი და მარტივი გამოყენება კემპინგზე."
    },
    {
      "id": 8,
      "title": "Water Filter — ClearStream",
      "category": "Hydration",
      "brand": "ClearStream",
      "price": 49,
      "rating": 4.5,
      "stock": 28,
      "thumbnail": "https://images.unsplash.com/photo-1541696432-82c6da8ce7bf?auto=format&fit=crop&w=900&q=60",
      "description": "პორტატული წყლის ფილტრი — სასმელი წყალი ბუნებაში უსაფრთხოდ."
    },
    {
      "id": 9,
      "title": "Thermal Jacket — WindShield",
      "category": "Apparel",
      "brand": "WindShield",
      "price": 119,
      "rating": 4.5,
      "stock": 20,
      "thumbnail": "https://images.unsplash.com/photo-1520975682031-ae1d5a0a53f9?auto=format&fit=crop&w=900&q=60",
      "description": "ქარისგან დამცავი თერმო ქურთუკი — მსუბუქი, თბილი და მოსახერხებელი მოძრაობისთვის."
    },
    {
      "id": 10,
      "title": "Trail Socks (2-Pack) — DryStep",
      "category": "Footwear",
      "brand": "DryStep",
      "price": 15,
      "rating": 4.2,
      "stock": 80,
      "thumbnail": "https://images.unsplash.com/photo-1528701800489-20be3c77b2c1?auto=format&fit=crop&w=900&q=60",
      "description": "საბილიკო წინდები — ოფლის მართვა, ნაკლები ხახუნი და მეტი კომფორტი."
    },
    {
      "id": 11,
      "title": "Camping Mat — AirLite",
      "category": "Sleep System",
      "brand": "AirLite",
      "price": 59,
      "rating": 4.4,
      "stock": 26,
      "thumbnail": "https://images.unsplash.com/photo-1504280390367-361c6d9f38f4?auto=format&fit=crop&w=900&q=60",
      "description": "ჰაეროვანი მატრასი — იზოლაცია მიწისგან და კომფორტი ღამით."
    },
    {
      "id": 12,
      "title": "Rain Poncho — StormCover",
      "category": "Apparel",
      "brand": "StormCover",
      "price": 25,
      "rating": 4.1,
      "stock": 60,
      "thumbnail": "https://images.unsplash.com/photo-1490086639250-c5c5d3c2a5b1?auto=format&fit=crop&w=900&q=60",
      "description": "წვიმის პონჩო — სწრაფი ჩაცმა, მსუბუქი და დასაკეცი."
    }
  ]
}
